/*
 Navicat Premium Data Transfer

 Source Server         : mysql
 Source Server Type    : MySQL
 Source Server Version : 50731
 Source Host           : localhost:3306
 Source Schema         : book_recommend

 Target Server Type    : MySQL
 Target Server Version : 50731
 File Encoding         : 65001

 Date: 23/03/2026 12:00:00
*/

SET NAMES utf8mb4;
SET FOREIGN_KEY_CHECKS = 0;

-- ----------------------------
-- Table structure for auth_group
-- ----------------------------
DROP TABLE IF EXISTS `auth_group`;
CREATE TABLE `auth_group`  (
  `id` int(11) NOT NULL AUTO_INCREMENT,
  `name` varchar(150) CHARACTER SET utf8mb4 COLLATE utf8mb4_unicode_ci NOT NULL,
  PRIMARY KEY (`id`) USING BTREE,
  UNIQUE INDEX `name`(`name`) USING BTREE
) ENGINE = InnoDB AUTO_INCREMENT = 1 CHARACTER SET = utf8mb4 COLLATE = utf8mb4_unicode_ci ROW_FORMAT = DYNAMIC;

-- ----------------------------
-- Records of auth_group
-- ----------------------------

-- ----------------------------
-- Table structure for auth_group_permissions
-- ----------------------------
DROP TABLE IF EXISTS `auth_group_permissions`;
CREATE TABLE `auth_group_permissions`  (
  `id` bigint(20) NOT NULL AUTO_INCREMENT,
  `group_id` int(11) NOT NULL,
  `permission_id` int(11) NOT NULL,
  PRIMARY KEY (`id`) USING BTREE,
  UNIQUE INDEX `auth_group_permissions_group_id_permission_id_0cd325b0_uniq`(`group_id`, `permission_id`) USING BTREE,
  INDEX `auth_group_permissio_permission_id_84c5c92e_fk_auth_perm`(`permission_id`) USING BTREE,
  CONSTRAINT `auth_group_permissio_permission_id_84c5c92e_fk_auth_perm` FOREIGN KEY (`permission_id`) REFERENCES `auth_permission` (`id`) ON DELETE RESTRICT ON UPDATE RESTRICT,
  CONSTRAINT `auth_group_permissions_group_id_b120cbf9_fk_auth_group_id` FOREIGN KEY (`group_id`) REFERENCES `auth_group` (`id`) ON DELETE RESTRICT ON UPDATE RESTRICT
) ENGINE = InnoDB AUTO_INCREMENT = 1 CHARACTER SET = utf8mb4 COLLATE = utf8mb4_unicode_ci ROW_FORMAT = DYNAMIC;

-- ----------------------------
-- Records of auth_group_permissions
-- ----------------------------

-- ----------------------------
-- Table structure for auth_permission
-- ----------------------------
DROP TABLE IF EXISTS `auth_permission`;
CREATE TABLE `auth_permission`  (
  `id` int(11) NOT NULL AUTO_INCREMENT,
  `name` varchar(255) CHARACTER SET utf8mb4 COLLATE utf8mb4_unicode_ci NOT NULL,
  `content_type_id` int(11) NOT NULL,
  `codename` varchar(100) CHARACTER SET utf8mb4 COLLATE utf8mb4_unicode_ci NOT NULL,
  PRIMARY KEY (`id`) USING BTREE,
  UNIQUE INDEX `auth_permission_content_type_id_codename_01ab375a_uniq`(`content_type_id`, `codename`) USING BTREE,
  CONSTRAINT `auth_permission_content_type_id_2f476e4b_fk_django_co` FOREIGN KEY (`content_type_id`) REFERENCES `django_content_type` (`id`) ON DELETE RESTRICT ON UPDATE RESTRICT
) ENGINE = InnoDB AUTO_INCREMENT = 53 CHARACTER SET = utf8mb4 COLLATE = utf8mb4_unicode_ci ROW_FORMAT = DYNAMIC;

-- ----------------------------
-- Records of auth_permission
-- ----------------------------
INSERT INTO `auth_permission` VALUES (1, 'Can add log entry', 1, 'add_logentry');
INSERT INTO `auth_permission` VALUES (2, 'Can change log entry', 1, 'change_logentry');
INSERT INTO `auth_permission` VALUES (3, 'Can delete log entry', 1, 'delete_logentry');
INSERT INTO `auth_permission` VALUES (4, 'Can view log entry', 1, 'view_logentry');
INSERT INTO `auth_permission` VALUES (5, 'Can add permission', 2, 'add_permission');
INSERT INTO `auth_permission` VALUES (6, 'Can change permission', 2, 'change_permission');
INSERT INTO `auth_permission` VALUES (7, 'Can delete permission', 2, 'delete_permission');
INSERT INTO `auth_permission` VALUES (8, 'Can view permission', 2, 'view_permission');
INSERT INTO `auth_permission` VALUES (9, 'Can add group', 3, 'add_group');
INSERT INTO `auth_permission` VALUES (10, 'Can change group', 3, 'change_group');
INSERT INTO `auth_permission` VALUES (11, 'Can delete group', 3, 'delete_group');
INSERT INTO `auth_permission` VALUES (12, 'Can view group', 3, 'view_group');
INSERT INTO `auth_permission` VALUES (13, 'Can add user', 4, 'add_user');
INSERT INTO `auth_permission` VALUES (14, 'Can change user', 4, 'change_user');
INSERT INTO `auth_permission` VALUES (15, 'Can delete user', 4, 'delete_user');
INSERT INTO `auth_permission` VALUES (16, 'Can view user', 4, 'view_user');
INSERT INTO `auth_permission` VALUES (17, 'Can add content type', 5, 'add_contenttype');
INSERT INTO `auth_permission` VALUES (18, 'Can change content type', 5, 'change_contenttype');
INSERT INTO `auth_permission` VALUES (19, 'Can delete content type', 5, 'delete_contenttype');
INSERT INTO `auth_permission` VALUES (20, 'Can view content type', 5, 'view_contenttype');
INSERT INTO `auth_permission` VALUES (21, 'Can add session', 6, 'add_session');
INSERT INTO `auth_permission` VALUES (22, 'Can change session', 6, 'change_session');
INSERT INTO `auth_permission` VALUES (23, 'Can delete session', 6, 'delete_session');
INSERT INTO `auth_permission` VALUES (24, 'Can view session', 6, 'view_session');
INSERT INTO `auth_permission` VALUES (25, 'Can add job data', 7, 'add_jobdata');
INSERT INTO `auth_permission` VALUES (26, 'Can change job data', 7, 'change_jobdata');
INSERT INTO `auth_permission` VALUES (27, 'Can delete job data', 7, 'delete_jobdata');
INSERT INTO `auth_permission` VALUES (28, 'Can view job data', 7, 'view_jobdata');
INSERT INTO `auth_permission` VALUES (29, 'Can add spider info', 8, 'add_spiderinfo');
INSERT INTO `auth_permission` VALUES (30, 'Can change spider info', 8, 'change_spiderinfo');
INSERT INTO `auth_permission` VALUES (31, 'Can delete spider info', 8, 'delete_spiderinfo');
INSERT INTO `auth_permission` VALUES (32, 'Can view spider info', 8, 'view_spiderinfo');
INSERT INTO `auth_permission` VALUES (33, 'Can add user list', 9, 'add_userlist');
INSERT INTO `auth_permission` VALUES (34, 'Can change user list', 9, 'change_userlist');
INSERT INTO `auth_permission` VALUES (35, 'Can delete user list', 9, 'delete_userlist');
INSERT INTO `auth_permission` VALUES (36, 'Can view user list', 9, 'view_userlist');
INSERT INTO `auth_permission` VALUES (37, 'Can add send list', 10, 'add_sendlist');
INSERT INTO `auth_permission` VALUES (38, 'Can change send list', 10, 'change_sendlist');
INSERT INTO `auth_permission` VALUES (39, 'Can delete send list', 10, 'delete_sendlist');
INSERT INTO `auth_permission` VALUES (40, 'Can view send list', 10, 'view_sendlist');
INSERT INTO `auth_permission` VALUES (41, 'Can add book', 11, 'add_book');
INSERT INTO `auth_permission` VALUES (42, 'Can change book', 11, 'change_book');
INSERT INTO `auth_permission` VALUES (43, 'Can delete book', 11, 'delete_book');
INSERT INTO `auth_permission` VALUES (44, 'Can view book', 11, 'view_book');
INSERT INTO `auth_permission` VALUES (45, 'Can add book category', 12, 'add_bookcategory');
INSERT INTO `auth_permission` VALUES (46, 'Can change book category', 12, 'change_bookcategory');
INSERT INTO `auth_permission` VALUES (47, 'Can delete book category', 12, 'delete_bookcategory');
INSERT INTO `auth_permission` VALUES (48, 'Can view book category', 12, 'view_bookcategory');
INSERT INTO `auth_permission` VALUES (49, 'Can add book collection', 13, 'add_bookcollection');
INSERT INTO `auth_permission` VALUES (50, 'Can change book collection', 13, 'change_bookcollection');
INSERT INTO `auth_permission` VALUES (51, 'Can delete book collection', 13, 'delete_bookcollection');
INSERT INTO `auth_permission` VALUES (52, 'Can view book collection', 13, 'view_bookcollection');

-- ----------------------------
-- Table structure for auth_user
-- ----------------------------
DROP TABLE IF EXISTS `auth_user`;
CREATE TABLE `auth_user`  (
  `id` int(11) NOT NULL AUTO_INCREMENT,
  `password` varchar(128) CHARACTER SET utf8mb4 COLLATE utf8mb4_unicode_ci NOT NULL,
  `last_login` datetime(6) NULL DEFAULT NULL,
  `is_superuser` tinyint(1) NOT NULL,
  `username` varchar(150) CHARACTER SET utf8mb4 COLLATE utf8mb4_unicode_ci NOT NULL,
  `first_name` varchar(150) CHARACTER SET utf8mb4 COLLATE utf8mb4_unicode_ci NOT NULL,
  `last_name` varchar(150) CHARACTER SET utf8mb4 COLLATE utf8mb4_unicode_ci NOT NULL,
  `email` varchar(254) CHARACTER SET utf8mb4 COLLATE utf8mb4_unicode_ci NOT NULL,
  `is_staff` tinyint(1) NOT NULL,
  `is_active` tinyint(1) NOT NULL,
  `date_joined` datetime(6) NOT NULL,
  PRIMARY KEY (`id`) USING BTREE,
  UNIQUE INDEX `username`(`username`) USING BTREE
) ENGINE = InnoDB AUTO_INCREMENT = 2 CHARACTER SET = utf8mb4 COLLATE = utf8mb4_unicode_ci ROW_FORMAT = DYNAMIC;

-- ----------------------------
-- Records of auth_user
-- ----------------------------
INSERT INTO `auth_user` VALUES (1, 'pbkdf2_sha256$260000$2NPGJqSuDFR32RY9OHlNbO$c1q66npQG/jj7N83+BcROLcSzBPGF5Iz3mODCDbOGSM=', '2024-09-30 03:12:02.888152', 1, '1', '', '', '', 1, 1, '2024-09-30 02:41:01.589772');

-- ----------------------------
-- Table structure for auth_user_groups
-- ----------------------------
DROP TABLE IF EXISTS `auth_user_groups`;
CREATE TABLE `auth_user_groups`  (
  `id` bigint(20) NOT NULL AUTO_INCREMENT,
  `user_id` int(11) NOT NULL,
  `group_id` int(11) NOT NULL,
  PRIMARY KEY (`id`) USING BTREE,
  UNIQUE INDEX `auth_user_groups_user_id_group_id_94350c0c_uniq`(`user_id`, `group_id`) USING BTREE,
  INDEX `auth_user_groups_group_id_97559544_fk_auth_group_id`(`group_id`) USING BTREE,
  CONSTRAINT `auth_user_groups_group_id_97559544_fk_auth_group_id` FOREIGN KEY (`group_id`) REFERENCES `auth_group` (`id`) ON DELETE RESTRICT ON UPDATE RESTRICT,
  CONSTRAINT `auth_user_groups_user_id_6a12ed8b_fk_auth_user_id` FOREIGN KEY (`user_id`) REFERENCES `auth_user` (`id`) ON DELETE RESTRICT ON UPDATE RESTRICT
) ENGINE = InnoDB AUTO_INCREMENT = 1 CHARACTER SET = utf8mb4 COLLATE = utf8mb4_unicode_ci ROW_FORMAT = DYNAMIC;

-- ----------------------------
-- Records of auth_user_groups
-- ----------------------------

-- ----------------------------
-- Table structure for auth_user_user_permissions
-- ----------------------------
DROP TABLE IF EXISTS `auth_user_user_permissions`;
CREATE TABLE `auth_user_user_permissions`  (
  `id` bigint(20) NOT NULL AUTO_INCREMENT,
  `user_id` int(11) NOT NULL,
  `permission_id` int(11) NOT NULL,
  PRIMARY KEY (`id`) USING BTREE,
  UNIQUE INDEX `auth_user_user_permissions_user_id_permission_id_14a6b632_uniq`(`user_id`, `permission_id`) USING BTREE,
  INDEX `auth_user_user_permi_permission_id_1fbb5f2c_fk_auth_perm`(`permission_id`) USING BTREE,
  CONSTRAINT `auth_user_user_permi_permission_id_1fbb5f2c_fk_auth_perm` FOREIGN KEY (`permission_id`) REFERENCES `auth_permission` (`id`) ON DELETE RESTRICT ON UPDATE RESTRICT,
  CONSTRAINT `auth_user_user_permissions_user_id_a95ead1b_fk_auth_user_id` FOREIGN KEY (`user_id`) REFERENCES `auth_user` (`id`) ON DELETE RESTRICT ON UPDATE RESTRICT
) ENGINE = InnoDB AUTO_INCREMENT = 1 CHARACTER SET = utf8mb4 COLLATE = utf8mb4_unicode_ci ROW_FORMAT = DYNAMIC;

-- ----------------------------
-- Records of auth_user_user_permissions
-- ----------------------------

-- ----------------------------
-- Table structure for django_admin_log
-- ----------------------------
DROP TABLE IF EXISTS `django_admin_log`;
CREATE TABLE `django_admin_log`  (
  `id` int(11) NOT NULL AUTO_INCREMENT,
  `action_time` datetime(6) NOT NULL,
  `object_id` longtext CHARACTER SET utf8mb4 COLLATE utf8mb4_unicode_ci NULL,
  `object_repr` varchar(200) CHARACTER SET utf8mb4 COLLATE utf8mb4_unicode_ci NOT NULL,
  `action_flag` smallint(5) UNSIGNED NOT NULL,
  `change_message` longtext CHARACTER SET utf8mb4 COLLATE utf8mb4_unicode_ci NOT NULL,
  `content_type_id` int(11) NULL DEFAULT NULL,
  `user_id` int(11) NOT NULL,
  PRIMARY KEY (`id`) USING BTREE,
  INDEX `django_admin_log_content_type_id_c4bce8eb_fk_django_co`(`content_type_id`) USING BTREE,
  INDEX `django_admin_log_user_id_c564eba6_fk_auth_user_id`(`user_id`) USING BTREE,
  CONSTRAINT `django_admin_log_content_type_id_c4bce8eb_fk_django_co` FOREIGN KEY (`content_type_id`) REFERENCES `django_content_type` (`id`) ON DELETE RESTRICT ON UPDATE RESTRICT,
  CONSTRAINT `django_admin_log_user_id_c564eba6_fk_auth_user_id` FOREIGN KEY (`user_id`) REFERENCES `auth_user` (`id`) ON DELETE RESTRICT ON UPDATE RESTRICT
) ENGINE = InnoDB AUTO_INCREMENT = 1 CHARACTER SET = utf8mb4 COLLATE = utf8mb4_unicode_ci ROW_FORMAT = DYNAMIC;

-- ----------------------------
-- Records of django_admin_log
-- ----------------------------

-- ----------------------------
-- Table structure for django_content_type
-- ----------------------------
DROP TABLE IF EXISTS `django_content_type`;
CREATE TABLE `django_content_type`  (
  `id` int(11) NOT NULL AUTO_INCREMENT,
  `app_label` varchar(100) CHARACTER SET utf8mb4 COLLATE utf8mb4_unicode_ci NOT NULL,
  `model` varchar(100) CHARACTER SET utf8mb4 COLLATE utf8mb4_unicode_ci NOT NULL,
  PRIMARY KEY (`id`) USING BTREE,
  UNIQUE INDEX `django_content_type_app_label_model_76bd3d3b_uniq`(`app_label`, `model`) USING BTREE
) ENGINE = InnoDB AUTO_INCREMENT = 14 CHARACTER SET = utf8mb4 COLLATE = utf8mb4_unicode_ci ROW_FORMAT = DYNAMIC;

-- ----------------------------
-- Records of django_content_type
-- ----------------------------
INSERT INTO `django_content_type` VALUES (1, 'admin', 'logentry');
INSERT INTO `django_content_type` VALUES (3, 'auth', 'group');
INSERT INTO `django_content_type` VALUES (2, 'auth', 'permission');
INSERT INTO `django_content_type` VALUES (4, 'auth', 'user');
INSERT INTO `django_content_type` VALUES (5, 'contenttypes', 'contenttype');
INSERT INTO `django_content_type` VALUES (7, 'job', 'jobdata');
INSERT INTO `django_content_type` VALUES (10, 'job', 'sendlist');
INSERT INTO `django_content_type` VALUES (8, 'job', 'spiderinfo');
INSERT INTO `django_content_type` VALUES (9, 'job', 'userlist');
INSERT INTO `django_content_type` VALUES (6, 'sessions', 'session');
INSERT INTO `django_content_type` VALUES (11, 'job', 'book');
INSERT INTO `django_content_type` VALUES (12, 'job', 'bookcategory');
INSERT INTO `django_content_type` VALUES (13, 'job', 'bookcollection');

-- ----------------------------
-- Table structure for django_migrations
-- ----------------------------
DROP TABLE IF EXISTS `django_migrations`;
CREATE TABLE `django_migrations`  (
  `id` bigint(20) NOT NULL AUTO_INCREMENT,
  `app` varchar(255) CHARACTER SET utf8mb4 COLLATE utf8mb4_unicode_ci NOT NULL,
  `name` varchar(255) CHARACTER SET utf8mb4 COLLATE utf8mb4_unicode_ci NOT NULL,
  `applied` datetime(6) NOT NULL,
  PRIMARY KEY (`id`) USING BTREE
) ENGINE = InnoDB AUTO_INCREMENT = 23 CHARACTER SET = utf8mb4 COLLATE = utf8mb4_unicode_ci ROW_FORMAT = DYNAMIC;

-- ----------------------------
-- Records of django_migrations
-- ----------------------------
INSERT INTO `django_migrations` VALUES (1, 'contenttypes', '0001_initial', '2023-02-17 06:24:36.973478');
INSERT INTO `django_migrations` VALUES (2, 'auth', '0001_initial', '2023-02-17 06:25:25.774725');
INSERT INTO `django_migrations` VALUES (3, 'admin', '0001_initial', '2023-02-17 06:25:34.560833');
INSERT INTO `django_migrations` VALUES (4, 'admin', '0002_logentry_remove_auto_add', '2023-02-17 06:25:34.742294');
INSERT INTO `django_migrations` VALUES (5, 'admin', '0003_logentry_add_action_flag_choices', '2023-02-17 06:25:34.894299');
INSERT INTO `django_migrations` VALUES (6, 'contenttypes', '0002_remove_content_type_name', '2023-02-17 06:25:42.124035');
INSERT INTO `django_migrations` VALUES (7, 'auth', '0002_alter_permission_name_max_length', '2023-02-17 06:25:44.862348');
INSERT INTO `django_migrations` VALUES (8, 'auth', '0003_alter_user_email_max_length', '2023-02-17 06:25:45.687168');
INSERT INTO `django_migrations` VALUES (9, 'auth', '0004_alter_user_username_opts', '2023-02-17 06:25:45.825708');
INSERT INTO `django_migrations` VALUES (10, 'auth', '0005_alter_user_last_login_null', '2023-02-17 06:25:49.669260');
INSERT INTO `django_migrations` VALUES (11, 'auth', '0006_require_contenttypes_0002', '2023-02-17 06:25:49.844874');
INSERT INTO `django_migrations` VALUES (12, 'auth', '0007_alter_validators_add_error_messages', '2023-02-17 06:25:49.949260');
INSERT INTO `django_migrations` VALUES (13, 'auth', '0008_alter_user_username_max_length', '2023-02-17 06:25:52.963850');
INSERT INTO `django_migrations` VALUES (14, 'auth', '0009_alter_user_last_name_max_length', '2023-02-17 06:25:57.565794');
INSERT INTO `django_migrations` VALUES (15, 'auth', '0010_alter_group_name_max_length', '2023-02-17 06:25:58.328442');
INSERT INTO `django_migrations` VALUES (16, 'auth', '0011_update_proxy_permissions', '2023-02-17 06:25:58.627687');
INSERT INTO `django_migrations` VALUES (17, 'auth', '0012_alter_user_first_name_max_length', '2023-02-17 06:26:01.794639');
INSERT INTO `django_migrations` VALUES (18, 'sessions', '0001_initial', '2023-02-17 06:26:03.618668');
INSERT INTO `django_migrations` VALUES (19, 'job', '0001_initial', '2023-02-17 14:11:02.473704');
INSERT INTO `django_migrations` VALUES (20, 'job', '0002_book', '2026-03-23 00:00:00.000000');
INSERT INTO `django_migrations` VALUES (21, 'job', '0003_bookcategory', '2026-03-23 00:00:00.000000');
INSERT INTO `django_migrations` VALUES (22, 'job', '0004_bookcollection', '2026-03-23 00:00:00.000000');

-- ----------------------------
-- Table structure for django_session
-- ----------------------------
DROP TABLE IF EXISTS `django_session`;
CREATE TABLE `django_session`  (
  `session_key` varchar(40) CHARACTER SET utf8mb4 COLLATE utf8mb4_unicode_ci NOT NULL,
  `session_data` longtext CHARACTER SET utf8mb4 COLLATE utf8mb4_unicode_ci NOT NULL,
  `expire_date` datetime(6) NOT NULL,
  PRIMARY KEY (`session_key`) USING BTREE,
  INDEX `django_session_expire_date_a5c62663`(`expire_date`) USING BTREE
) ENGINE = InnoDB CHARACTER SET = utf8mb4 COLLATE = utf8mb4_unicode_ci ROW_FORMAT = DYNAMIC;

-- ----------------------------
-- Records of django_session
-- ----------------------------
INSERT INTO `django_session` VALUES ('2oc98d3fs6vf194f43b2u9r15b5st796', 'eyJ1c2VyX2lkIjoiMSIsInVzZXJfbmFtZSI6Ilx1NmQ0Ylx1OGJkNV8xIn0:1pT1lT:o67fkYA6MknLQ-Nxi4NqxRV2naq27FIRNlDqWYDZoEM', '2023-03-03 14:31:07.595210');

-- ----------------------------
-- Table structure for job_book
-- ----------------------------
DROP TABLE IF EXISTS `job_book`;
CREATE TABLE `job_book`  (
  `id` int(11) NOT NULL AUTO_INCREMENT,
  `title` varchar(255) CHARACTER SET utf8mb4 COLLATE utf8mb4_unicode_ci NOT NULL COMMENT 'äđĶå',
  `author` varchar(255) CHARACTER SET utf8mb4 COLLATE utf8mb4_unicode_ci NULL DEFAULT NULL COMMENT 'ä―č',
  `publisher` varchar(255) CHARACTER SET utf8mb4 COLLATE utf8mb4_unicode_ci NULL DEFAULT NULL COMMENT 'åšįįĪū',
  `publish_date` date NULL DEFAULT NULL COMMENT 'åšįæĨæ',
  `isbn` varchar(20) CHARACTER SET utf8mb4 COLLATE utf8mb4_unicode_ci NULL DEFAULT NULL COMMENT 'ISBN',
  `price` decimal(10, 2) NULL DEFAULT NULL COMMENT 'äŧ·æ ž',
  `category_id` int(11) NULL DEFAULT NULL COMMENT 'åįąŧID',
  `summary` text CHARACTER SET utf8mb4 COLLATE utf8mb4_unicode_ci NULL COMMENT 'įŪäŧ',
  `cover_url` varchar(255) CHARACTER SET utf8mb4 COLLATE utf8mb4_unicode_ci NULL DEFAULT NULL COMMENT 'å°éĒåūįURL',
  `url` varchar(255) CHARACTER SET utf8mb4 COLLATE utf8mb4_unicode_ci NULL DEFAULT NULL COMMENT 'åūäđĶéūæĨ',
  PRIMARY KEY (`id`) USING BTREE,
  INDEX `category_id`(`category_id`) USING BTREE,
  CONSTRAINT `job_book_ibfk_1` FOREIGN KEY (`category_id`) REFERENCES `job_bookcategory` (`id`) ON DELETE SET NULL ON UPDATE CASCADE
) ENGINE = InnoDB AUTO_INCREMENT = 1 CHARACTER SET = utf8mb4 COLLATE = utf8mb4_unicode_ci ROW_FORMAT = DYNAMIC;

-- ----------------------------
-- Records of job_book
-- ----------------------------

-- ----------------------------
-- Table structure for job_bookcategory
-- ----------------------------
DROP TABLE IF EXISTS `job_bookcategory`;
CREATE TABLE `job_bookcategory`  (
  `id` int(11) NOT NULL AUTO_INCREMENT,
  `name` varchar(100) CHARACTER SET utf8mb4 COLLATE utf8mb4_unicode_ci NOT NULL COMMENT 'åįąŧåį§°',
  `parent_id` int(11) NULL DEFAULT NULL COMMENT 'įķåįąŧID',
  `level` int(11) NOT NULL DEFAULT 1 COMMENT 'åįąŧįš§åŦ',
  PRIMARY KEY (`id`) USING BTREE,
  INDEX `parent_id`(`parent_id`) USING BTREE,
  CONSTRAINT `job_bookcategory_ibfk_1` FOREIGN KEY (`parent_id`) REFERENCES `job_bookcategory` (`id`) ON DELETE SET NULL ON UPDATE CASCADE
) ENGINE = InnoDB AUTO_INCREMENT = 1 CHARACTER SET = utf8mb4 COLLATE = utf8mb4_unicode_ci ROW_FORMAT = DYNAMIC;

-- ----------------------------
-- Records of job_bookcategory
-- ----------------------------
INSERT INTO `job_bookcategory` VALUES (1, 'æå­Ķ', NULL, 1);
INSERT INTO `job_bookcategory` VALUES (2, 'ååē', NULL, 1);
INSERT INTO `job_bookcategory` VALUES (3, 'åēå­Ķ', NULL, 1);
INSERT INTO `job_bookcategory` VALUES (4, 'į§å­Ķ', NULL, 1);
INSERT INTO `job_bookcategory` VALUES (5, 'ææŊ', NULL, 1);
INSERT INTO `job_bookcategory` VALUES (6, 'čšæŊ', NULL, 1);
INSERT INTO `job_bookcategory` VALUES (7, 'æčē', NULL, 1);
INSERT INTO `job_bookcategory` VALUES (8, 'įŧæĩ', NULL, 1);
INSERT INTO `job_bookcategory` VALUES (9, 'įŪĄį', NULL, 1);
INSERT INTO `job_bookcategory` VALUES (10, 'åķäŧ', NULL, 1);

-- ----------------------------
-- Table structure for job_bookcollection
-- ----------------------------
DROP TABLE IF EXISTS `job_bookcollection`;
CREATE TABLE `job_bookcollection`  (
  `id` int(11) NOT NULL AUTO_INCREMENT,
  `user_id` int(11) NOT NULL COMMENT 'įĻæ·ID',
  `book_id` int(11) NOT NULL COMMENT 'åūäđĶID',
  `collect_time` datetime NOT NULL DEFAULT CURRENT_TIMESTAMP COMMENT 'æķčæķéī',
  PRIMARY KEY (`id`) USING BTREE,
  UNIQUE INDEX `user_id_book_id`(`user_id`, `book_id`) USING BTREE,
  INDEX `book_id`(`book_id`) USING BTREE,
  CONSTRAINT `job_bookcollection_ibfk_1` FOREIGN KEY (`user_id`) REFERENCES `auth_user` (`id`) ON DELETE CASCADE ON UPDATE CASCADE,
  CONSTRAINT `job_bookcollection_ibfk_2` FOREIGN KEY (`book_id`) REFERENCES `job_book` (`id`) ON DELETE CASCADE ON UPDATE CASCADE
) ENGINE = InnoDB AUTO_INCREMENT = 1 CHARACTER SET = utf8mb4 COLLATE = utf8mb4_unicode_ci ROW_FORMAT = DYNAMIC;

-- ----------------------------
-- Records of job_bookcollection
-- ----------------------------

-- ----------------------------
-- Table structure for job_jobdata
-- ----------------------------
DROP TABLE IF EXISTS `job_jobdata`;
CREATE TABLE `job_jobdata`  (
  `job_id` int(11) NOT NULL AUTO_INCREMENT,
  `name` varchar(255) CHARACTER SET utf8mb4 COLLATE utf8mb4_unicode_ci NULL DEFAULT NULL COMMENT 'åēä―å',
  `salary` varchar(255) CHARACTER SET utf8mb4 COLLATE utf8mb4_unicode_ci NULL DEFAULT NULL COMMENT 'čŠčĩ',
  `place` varchar(255) CHARACTER SET utf8mb4 COLLATE utf8mb4_unicode_ci NULL DEFAULT NULL COMMENT 'å·Ĩä―å°',
  `education` varchar(255) CHARACTER SET utf8mb4 COLLATE utf8mb4_unicode_ci NULL DEFAULT NULL COMMENT 'å­Ķå',
  `experience` varchar(255) CHARACTER SET utf8mb4 COLLATE utf8mb4_unicode_ci NULL DEFAULT NULL COMMENT 'įŧéŠ',
  `company` varchar(255) CHARACTER SET utf8mb4 COLLATE utf8mb4_unicode_ci NULL DEFAULT NULL COMMENT 'åŽåļå',
  `label` varchar(255) CHARACTER SET utf8mb4 COLLATE utf8mb4_unicode_ci NULL DEFAULT NULL COMMENT 'čĄäļ',
  `scale` varchar(255) CHARACTER SET utf8mb4 COLLATE utf8mb4_unicode_ci NULL DEFAULT NULL COMMENT 'č§æĻĄ',
  `href` varchar(255) CHARACTER SET utf8mb4 COLLATE utf8mb4_unicode_ci NULL DEFAULT NULL COMMENT 'čä―éūæĨ',
  `key_word` varchar(255) CHARACTER SET utf8mb4 COLLATE utf8mb4_unicode_ci NULL DEFAULT NULL COMMENT 'åģéŪå­',
  PRIMARY KEY (`job_id`) USING BTREE
) ENGINE = InnoDB AUTO_INCREMENT = 1 CHARACTER SET = utf8mb4 COLLATE = utf8mb4_unicode_ci ROW_FORMAT = DYNAMIC;

-- ----------------------------
-- Records of job_jobdata
-- ----------------------------

-- ----------------------------
-- Table structure for job_sendlist
-- ----------------------------
DROP TABLE IF EXISTS `job_sendlist`;
CREATE TABLE `job_sendlist`  (
  `id` int(11) NOT NULL AUTO_INCREMENT,
  `user_id` int(11) NOT NULL,
  `book_id` int(11) NOT NULL,
  `send_time` datetime NOT NULL DEFAULT CURRENT_TIMESTAMP,
  PRIMARY KEY (`id`) USING BTREE,
  INDEX `user_id`(`user_id`) USING BTREE,
  INDEX `book_id`(`book_id`) USING BTREE,
  CONSTRAINT `job_sendlist_ibfk_1` FOREIGN KEY (`user_id`) REFERENCES `auth_user` (`id`) ON DELETE CASCADE ON UPDATE CASCADE,
  CONSTRAINT `job_sendlist_ibfk_2` FOREIGN KEY (`book_id`) REFERENCES `job_book` (`id`) ON DELETE CASCADE ON UPDATE CASCADE
) ENGINE = InnoDB AUTO_INCREMENT = 1 CHARACTER SET = utf8mb4 COLLATE = utf8mb4_unicode_ci ROW_FORMAT = DYNAMIC;

-- ----------------------------
-- Records of job_sendlist
-- ----------------------------

-- ----------------------------
-- Table structure for job_spiderinfo
-- ----------------------------
DROP TABLE IF EXISTS `job_spiderinfo`;
CREATE TABLE `job_spiderinfo`  (
  `id` int(11) NOT NULL AUTO_INCREMENT,
  `spider_name` varchar(255) CHARACTER SET utf8mb4 COLLATE utf8mb4_unicode_ci NOT NULL,
  `start_time` datetime NOT NULL,
  `end_time` datetime NULL DEFAULT NULL,
  `status` varchar(50) CHARACTER SET utf8mb4 COLLATE utf8mb4_unicode_ci NOT NULL DEFAULT 'running',
  `total_count` int(11) NOT NULL DEFAULT 0,
  PRIMARY KEY (`id`) USING BTREE
) ENGINE = InnoDB AUTO_INCREMENT = 1 CHARACTER SET = utf8mb4 COLLATE = utf8mb4_unicode_ci ROW_FORMAT = DYNAMIC;

-- ----------------------------
-- Records of job_spiderinfo
-- ----------------------------

-- ----------------------------
-- Table structure for job_userlist
-- ----------------------------
DROP TABLE IF EXISTS `job_userlist`;
CREATE TABLE `job_userlist`  (
  `id` int(11) NOT NULL AUTO_INCREMENT,
  `user_id` int(11) NOT NULL,
  `job_id` int(11) NOT NULL,
  `add_time` datetime NOT NULL DEFAULT CURRENT_TIMESTAMP,
  PRIMARY KEY (`id`) USING BTREE,
  INDEX `user_id`(`user_id`) USING BTREE,
  INDEX `job_id`(`job_id`) USING BTREE,
  CONSTRAINT `job_userlist_ibfk_1` FOREIGN KEY (`user_id`) REFERENCES `auth_user` (`id`) ON DELETE CASCADE ON UPDATE CASCADE,
  CONSTRAINT `job_userlist_ibfk_2` FOREIGN KEY (`job_id`) REFERENCES `job_jobdata` (`job_id`) ON DELETE CASCADE ON UPDATE CASCADE
) ENGINE = InnoDB AUTO_INCREMENT = 1 CHARACTER SET = utf8mb4 COLLATE = utf8mb4_unicode_ci ROW_FORMAT = DYNAMIC;

-- ----------------------------
-- Records of job_userlist
-- ----------------------------

SET FOREIGN_KEY_CHECKS = 1;
